"ID","user","river","flow","date","image","note"
"[11681,1120232]","#ROW[11679,1120139]","SF twomed",1820,"2018-04-28",#MEDIA,"Walked to marty's. Group of seven. Good day overall. River's riving 2500 by the end of the day. "
"[11681,1120475]","#ROW[11679,1120139]","Bear cr",4340,"2018-04-25",#MEDIA,"4340 Lower end of flows. "
"[11681,1126457]","#ROW[11679,1120139]","SF of the two med",2190,"2018-05-05",#MEDIA,"Great level big hits but not technical. "
"[11681,1126458]","#ROW[11679,1120139]","Bear cr",12700,"2018-05-04",#MEDIA,"Fun padded fast"
"[11681,1126972]","#ROW[11679,1120139]","SF of the Two medicine",2300,"2018-05-06",#MEDIA,"Good level more boils than yesterday"
"[11681,1130579]","#ROW[11679,1120139]","Bear cr",20400,"2018-05-08",#MEDIA,"Big. Some large holes. Got caught in one and swam. Cory cleaned up got everything. Good guy to have along. "
"[11681,1134405]","#ROW[11679,1120139]","Beartrap Canyon",3290,"2018-05-12",#MEDIA,"Great day Lower rock on kitchen sink covered. Pretty darn fun"
"[11681,1134406]","#ROW[11679,1120139]","Gallitan",3100,"2018-05-12",#MEDIA,"Great wavetrains. Fun eddy catching. Great day with Ian"
"[11681,1134407]","#ROW[11679,1120139]","Boulder",2340,"2018-05-13",#MEDIA,"Speculator cr to Chippy campgrand. Cool section could use more water. The piece below the falls looks good at this level. Did not get eyes on Hells but hey. "
"[11681,1139615]","#ROW[11679,1120139]","Old man",1800,"2018-05-19",#MEDIA,"At the pincher creek great day.   Ran falls in playboat"
"[11681,1141863]","#ROW[11679,1120139]","Castle Rodeo Grounds through Canyon",70,"2018-05-20",#MEDIA,"Pincher creek fest. Good fun canyon flatwater out. flow in cMs"
"[11681,1141864]","#ROW[11679,1120139]","Carbondale river",,"2018-05-20",#MEDIA,"Good flow. Pincher creek. "
"[11681,1141865]","#ROW[11679,1120139]","Carbondale river",,"2018-05-21",#MEDIA,"Little lower flow than the day before but still fun "
"[11681,1144006]","#ROW[11679,1120139]","SF Two medicine",2840,"2018-05-25",#MEDIA,"Good level. The lines got wider and the waves got bigger. Wonderful way to wash away the week. "
"[11681,1250038]","#ROW[11679,1120139]","St. Joe Tumbledown",4370,"2018-06-07",#MEDIA,"Good flow had more to give"
"[11681,1250039]","#ROW[11679,1120139]","Mable cr",4370,"2018-06-07",#MEDIA,"Gauge for St joe. Fun good run with a lot to offer. Upper above bridge of marble rd was a slow start but picked up down low. "
"[11681,1250040]","#ROW[11679,1120139]","Marble cr",4280,"2018-06-08",#MEDIA,"second day ribs were starting to hurt
"
"[11681,1250042]","#ROW[11679,1120139]","Dearborn",569,"2018-06-09",#MEDIA,"Little low. Did not run anything above the first gorge. Chris was with me slow start to the day."
"[11681,1250043]","#ROW[11679,1120139]","Sf two med",1700,"2018-06-05",#MEDIA,"Fun run with greg lower than the gauge seemed"
"[11681,1655119]","#ROW[11679,1120139]","fake river",500000000,"2019-01-01",#MEDIA,"This was really cool and I faked it all"
"[11681,2367956]","#ROW[11679,1120139]","MF Flathead",1110,"2019-03-30",#MEDIA,"Fun Level But had my boat stolen the day before"
"[11681,2387820]","#ROW[11679,1120139]","MF Flathead",2610,"2019-04-19",#MEDIA,"Whitewater section. Flows were good. Everything was covered without boils. No real surfwaves yet. Do they exist on this section we do not know."
"[11681,2388919]","#ROW[11679,1120139]","SF Twomed",1530,"2019-04-20",#MEDIA,"Fist run of the sf this year. Glorious. Only one new piece of wood an not in play. Massive tree though. It peaked last night at close to 1800 and was snowing today so it was dropping. High water mark was 6 inches above in the intro before the canyon.  Feels like I have made it around the sun again and found my season. That mixed with Christen makes today feel like the world is blooming like a flower after a long winter with a muddy spring. Having friends over to eat stew and watch panic. That blossom has lots of color. "
"[11681,2389630]","#ROW[11679,1120139]","SF twomed",1000,"2019-04-21",#MEDIA,"Ran with the Ryans. Significantly lower than yesterday"
"[11681,2399338]","#ROW[11679,1120139]","SF Two Med",1820,"2019-04-24",#MEDIA,"Biggest of the year so far. That large tree moved and broke. Half of it ended up 1/2 mile down stream. Did not paddle very well. But had a great day on the water. I feel lucky to have such a run after work. "
"[11681,2404815]","#ROW[11679,1120139]","Sf twomed",1460,"2019-04-26",#MEDIA,"Ran with nick and amy in some amazing weather. Skinny jeans was kinda trashy. Pretty fun "
"[11681,2531449]","#ROW[11679,1120139]","Bear cr",7750,"2019-04-27",#MEDIA,"Flow dropping. Good first run no wood. Cable is out of the way. Fun day on the water. "
"[11681,2531454]","#ROW[11679,1120139]","MF Flatehead",3700,"2019-05-03",#MEDIA,"Whitewater section. Good to get out. Picked up by Keeley-Ann Heavyrunner's parents. This is a playboat level. not much to do in the creekboat."
"[11681,2541895]","#ROW[11679,1120139]","Bear cr",5670,"2019-05-10",#MEDIA,"Little higher but still boney"
"[11681,2541897]","#ROW[11679,1120139]","Bear cr",5670,"2019-05-08",#MEDIA,"Boney. Lowest end of runnable "
"[11681,2549982]","#ROW[11679,1120139]","NF of the Blackfoot",1270,"2019-05-12",#MEDIA,"Floated with Ian. Highest run yet. It has some more before it starts being a drainage ditch of churney brown. Very few rocks to hit. Six pin had a large pile on the main rock but paddled decently. Ian tied to miss the pile and got stopped by a rock on the right surfed into the pile and flipped. He had time to roll before the final drop. Wood was moving. And it peaked to 2700 on 4/27."
"[11681,2554791]","#ROW[11679,1120139]","SF Twomed",2000,"2019-05-13",#MEDIA,"Highest flow of the year but not on the gauge. It was pretty amazing refill of cup"
"[11681,2557032]","#ROW[11679,1120139]","SF of the Twomed ",2010,"2019-05-14",#MEDIA,"Good Flow. Less punch than yesterday felt like it was coming down. left work at 4 and was at the takeout at 6:30. wrists are a little sore"
"[11681,2615684]","#ROW[11679,1120139]","Upper Twin in SF Flathead",5470,"2019-05-25",#MEDIA,"Good Even More wood in 2nd to last gorge"
"[11681,2615686]","#ROW[11679,1120139]","Bear Cr",7272,"2019-05-26",#MEDIA,"Good quick lap. John ran Shuttle. Water rising on the west side Flooding on the east"
"[11681,2615691]","#ROW[11679,1120139]","Ole cr",10000,"2019-05-27",#MEDIA,"Grand flow.  Ran in plastic boat would have been really spicy in pakraft. Good for the soul. Get your permit ran into rangers"
"[11681,2615695]","#ROW[11679,1120139]","Bear cr",9975,"2019-05-28",#MEDIA,"Little lower than a few days ago but still was fun. Quick lap on my way to seeing christen"
"[11681,2615697]","#ROW[11679,1120139]","SF twomed",2380,"2019-05-29",#MEDIA,"Great flow. Flow has slowly been coming down after flood. The river changed espeshually down low. Felt good in the boat."
"[11681,2615698]","#ROW[11679,1120139]","SF twomed",2380,"2019-05-29",#MEDIA,"Great flow. Flow has slowly been coming down after flood. The river changed espeshually down low. Felt good in the boat."
"[11681,2758731]","#ROW[11679,1120139]","MF Flathead",10387,"2019-06-07",#MEDIA,"Floated in Granite cr and out to bear hitchhiked up to skyland and biked to the car. Pretty cool. Cold almost lost my hands I was luck that I had gloves in the fluta. Bigger water but all but Bleeding Gums and Jazzman(basically one rapid at this point) were pretty padded and not too pushy. I feel very lucky to have this as a day stretch.  "
"[11681,2758733]","#ROW[11679,1120139]","MF Flathead",6285,"2019-06-12",#MEDIA,"Floated bear to essex with anne and john. Very pleasant afterwork float"
"[11681,2758742]","#ROW[11679,1120139]","Dearborn",710,"2019-06-14",#MEDIA,"Floated the upper for the first time. Don't think we got to the top drops but we put in just below a drop with not enough water and a dry rock in the middle. There was a wall rapid with some wood that looked great. Boogie and then some more ledges untill the real gorge. We walked but at this flow it goes with a portage after the drops. My confident guess is it paddles better than the portage we did. But one of the things you learn after the fact looking back up at it. Bottom stuff went well and we took out at the bridge. Below falls creek comign in. Great day with new people.  "
"[11681,2826929]","#ROW[11679,1120139]","MF Flathead",5575,"2019-06-19",#MEDIA,"Floated with Nick Scarlet Kelly(allin raft) and Amy. Good flow. decent surf wave above the split rock. "
"[11681,2826934]","#ROW[11679,1120139]","MF Flathead",7150,"2019-06-15",#MEDIA,"Whitewater section with Adam. good quick fun"
"[11681,2826937]","#ROW[11679,1120139]","MF Flathead",6640,"2019-06-16",#MEDIA,"Float with Christen and her sisters family. Erin and Mike provided boats and rowed the family. "
"[11681,2826942]","#ROW[11679,1120139]","MF Flathead",4360,"2019-06-22",#MEDIA,"Bear to essex with John and dog. Rained most of the time. "
"[11681,2826946]","#ROW[11679,1120139]","Kennedy Cr",,"2019-06-23",#MEDIA,"Hiked from the boarder at many glacier into poa lake and then floated out Kennedy cr. We saw some sheds. This is a continual class 2-3? and was a little low. If higher it might be pretty heads up with wood and such. Could be done by driving into the hunting staging area without losing much whitewater. "
"[11681,3128574]","#ROW[11679,1120139]","MF Flatehead",4430,"2019-06-27",#MEDIA,"Ineligible bachelor trip Good flow minimal getting stuck"
"[11681,3128586]","#ROW[11679,1120139]","MF Flathead",3113,"2019-07-05",#MEDIA,"Float with Adam Kristen and Erin and Mike. Christen with me. Whitewater section Nice day"
"[11681,3128608]","#ROW[11679,1120139]","Blackfoot",1440,"2019-07-07",#MEDIA,"Day on the blackfoot with Christen wonderful way to spend a weekend. I love this woman she can spend a day in the rain and have fun"
"[11681,3128648]","#ROW[11679,1120139]","MF Flathead",2300,"2019-07-13",#MEDIA,"Whitewater section quickly"
"[11681,3128652]","#ROW[11679,1120139]","MF Flathead",1860,"2019-07-19",#MEDIA,"Quck little trip on the way west"
"[11681,3128658]","#ROW[11679,1120139]","MF Flathead",1645,"2019-07-21",#MEDIA,"Whitewater section. "
"[11681,3128662]","#ROW[11679,1120139]","MF Flathead",1435,"2019-07-25",#MEDIA,"Bear creek to essex with amy"
"[11681,3128664]","#ROW[11679,1120139]","MF Flathead",1375,"2019-07-26",#MEDIA,"Bear creek to essex with Spicier Family"
"[11681,3199513]","#ROW[11679,1120139]","WHite Salmon x3",,"2019-03-16",#MEDIA,"Ran the Lower the Middle and the truss. The truss might be the best thing I have ever Paddled wonderful. So wonderful I forgot to write it down "
"[11681,3199518]","#ROW[11679,1120139]","MF Flathead",1240,"2019-07-28",#MEDIA,"Good workout paddle with greg in the raft with dylan tasha and friends. CLosest to flatwater loop ever. So still pretty far away"
"[11681,3199527]","#ROW[11679,1120139]","MF Flathead",1240,"2019-07-28",#MEDIA,"Good workout paddle with greg in the raft with dylan tasha and friends. CLosest to flatwater loop ever. So still pretty far away"
"[11681,3199531]","#ROW[11679,1120139]","Jarbridge Brueneu",1200,"2019-04-13",#MEDIA,"Amazing Go back for the west fork and sheep. Jarbridge was really pretty all was a good low first time level"
"[11681,3326951]","#ROW[11679,1120139]","White Salmon",1.5,"2019-08-02",#MEDIA,"MIddle section running the steeze"
"[11681,3326961]","#ROW[11679,1120139]","Deschuets",1720,"2019-08-02",#MEDIA,"Dillan to play park. Great First run in the steeze. NIce mix of falls push and friendship. Wonderful "
"[11681,3326991]","#ROW[11679,1120139]","Little White Salmon",1.5,"2019-08-03",#MEDIA,"Squeaks, Phil and I made it down. Super slow through the first rapid. That is a steep river. I would like to do it at 1.7. Shows me what I have to do. Walked wishbone spirit and one other. Double drop was a ton of fun. Great heads up river running on an inclined plane. "
"[11681,3326993]","#ROW[11679,1120139]","White Salmon",1.5,"2019-08-04",#MEDIA,"Truss -> middle. Too low for the tops drops but the zig zags ran well. I love paddling in the PNW"